SMILES,ID,Target,Label,Prediction,Probability
O=C1N(C[C@@H]2OC2)C(=O)N(C[C@@H]3OC3)C(=O)N1C[C@@H]4OC4 144204648,,tp53,1,1,0.77
C[NH+](CCCl)CCCl 144204721,,tp53,1,0,0.44
CCOC([C@@H]([NH2+][C@@H]1C(=O)N(CC([O-])=O)c(c2CC1)cccc2)CCc3ccccc3)=O 144204994,,tp53,1,0,0.06
Nc1c2c(n([C@H]3[C@@H](O)[C@H](O)[C@@H](CO)O3)cn2)nc(F)n1 144206969,,tp53,1,1,0.8530763520897338
Clc1cc(c2cc1)C(c3ccccc3)=NCC(=O)N2CC4CC4 144207274,,tp53,1,1,0.93
C[C@@H]([NH+]1CC(=O)NC(=O)C1)CN2CC(=O)NC(=O)C2 144207456,,tp53,1,0,0.21
[O-]c1c(c2ccc1)C(=O)c(c3C2=O)c([O-])ccc3 144208184,,tp53,1,0,0.32
[O-]C(c1cc(c2c([O-])c1)C(=O)c(c3C2=O)cccc3[O-])=O 144208296,,tp53,1,0,0.14
BrCC(Br)(Br)Br 144208385,,tp53,1,1,0.65
C([C@H]1OC1)Oc2ccc(N(C[C@@H]3OC3)C[C@@H]4OC4)cc2 144209077,,tp53,1,1,0.64
CN(c1ccc(C(c2ccc(N(C)C)cc2)=N)cc1)C 144209535,,tp53,1,1,0.73
CN(c1ccc(C(c2ccc(N(C)C)cc2)=O)cc1)C 144209614,,tp53,1,1,0.65
OCCCCCCCCCCCCBr 144210020,,tp53,1,1,0.57
[O-]S(c1c(\C=C\c2ccc(c3ccc(\C=C\c4c(S([O-])(=O)=O)cccc4)cc3)cc2)cccc1)(=O)=O 144211857,,tp53,1,0,0.31
CC(S[C@H]1[C@H]([C@H]2[C@](C)(C(=C3)C1)CCC3=O)[C@H]4[C@]([C@@]5(OC(=O)CC5)CC4)(C)CC2)=O 144212471,,tp53,1,1,0.7357136292268219
Oc1c(Cc2c(O)cccc2)cccc1 144213904,,tp53,0,1,0.82
O=C(c1ccccc1)Oc2ccccc2 144213900,,tp53,0,1,0.6
Oc1cc(C[C@@H]2[C@@H](Cc3cc(O)ccc3)C(=O)OC2)ccc1 144213860,,tp53,0,1,0.79
Oc1ccc(Cc2c(O)cccc2)cc1 144213822,,tp53,0,1,0.87
CCOC(c1ccc(C)cc1)=O 144213786,,tp53,0,0,0.17
CC[C@](CCCC(C)C)(O)C 144213778,,tp53,0,0,0.25298582477674514
CCCC[C@@H]1C2(CC[NH+](C3(CCN(C(c4c(C)ncnc4C)=O)CC3)C)CC2)OC(=O)N(CC5CCOCC5)C1 144213764,,tp53,0,0,0.37
Cc1cc(C)c(C([O-])=O)c(C)c1 144213763,,tp53,0,0,0.14
CCCCCC(C(=O)CC1)=C1 144213758,,tp53,0,0,0.22
CCCCCCCCOC(c1ccc(O)cc1)=O 144213741,,tp53,0,1,0.89
CC(OS(=O)(=O)[N-]C1=O)=C1 144213685,,tp53,0,1,0.72
C[C@H](C([O-])=O)Oc1c(C)cc(Cl)cc1 144213652,,tp53,0,0,0.03
COC(CCSCCC(OC)=O)=O 144213592,,tp53,0,1,0.51
CCCC[C@H](COC(C=C)=O)CC 144213544,,tp53,0,0,0.04
C[NH+](CCOCC[NH+](C)C)C 144213533,,tp53,0,0,0.35
Fc1ccc(Cn2c(SCC(NC3CCCC3)=O)ncc2)cc1 51090786,,pkm2,0,0,0.09
COc1cc(c2cc1)NC(=O)C(CCNC(c3ccco3)=O)=C2 51090783,,pkm2,0,0,0.37
C[C@H]1CN(S(c2ccc(C(Nc3nnc(C4CC4)o3)=O)cc2)(=O)=O)C[C@H](C)C1 51090779,,pkm2,0,0,0.19
COc1c(NC(CS(c2c(c3n(CC(N4CCCC4)=O)c2)cccc3)(=O)=O)=O)cccc1 51090769,,pkm2,0,0,0.09
COc1cc(OCC(Nc2n(c3ccccc3)nc(c24)CS(=O)(=O)C4)=O)ccc1 51090760,,pkm2,0,0,0.16
COc1c(N2C(=O)C[C@H](C(Nc3sc(SC)nn3)=O)C2)cccc1 51090728,,pkm2,0,0,0.14
Cc1ccc(C(NCCc2n(c3nn2)nc(NCc4cc(c5cc4)OCO5)cc3)=O)cc1 51090708,,pkm2,0,1,0.65
COc1c(C(Nc2sc(SCC(NC3CCCC3)=O)nn2)=O)cccc1 51090701,,pkm2,0,0,0.05
CC[C@H](C([O-])=O)Sc1nc(O)c(NC(c2ccco2)=O)c(N)n1 51090689,,pkm2,0,0,0.04
COc1c(OCC(Nc2n(c3ccc(F)cc3)nc(c24)CS(=O)(=O)C4)=O)cccc1 51090682,,pkm2,0,0,0.19
Cc1sc(NC(CSc2n(Cc3ccccc3)ccn2)=O)nn1 51090655,,pkm2,0,0,0.06
CCC[N@H+]1Cc2c(c(C(OC)=O)c(NC(CCS(c3ccccc3)(=O)=O)=O)s2)CC1 51090610,,pkm2,0,0,0.0
CCOC(CSc1sc(NC([C@H]2CC(=O)N(c3ccc(F)cc3)C2)=O)nn1)=O 51090605,,pkm2,0,0,0.08
NC(NC(SCC(Nc1ccc(OC(F)(F)F)cc1)=O)=NC2=O)=C2NC(c3ccc(Br)o3)=O 51090604,,pkm2,0,0,0.47
CC(c1ccc(NC(CSc2nnc(c3ccco3)cc2)=O)cc1)=O 51090582,,pkm2,0,0,0.12
COc1c(C(Nc2sc(SCC(NCc3ccco3)=O)nn2)=O)cccc1 51090562,,pkm2,0,0,0.01
COc1cc(NC(CSc2nn(c3cc2)c(c4ncccc4)nn3)=O)ccc1 51090558,,pkm2,0,0,0.05
COc1ccc(S(N2C(SCc3cc(C)ccc3)=NCC2)(=O)=O)cc1 51090555,,pkm2,0,0,0.37
Fc1cc(F)c(NC(CSc2nn(c3cc2)c(c4ncccc4)nn3)=O)cc1 51090550,,pkm2,0,0,0.13
COc1ccc(CNC(C(NC[C@@H]2N(S(c3sccc3)(=O)=O)CCCO2)=O)=O)cc1 51090533,,pkm2,0,0,0.05
C[NH+](CCN(c1sc(c2n1)cc(Cl)cc2)C(C(OCCO3)=C3)=O)C 51090467,,pkm2,0,0,0.07
C[NH+](CCCN(c1sc(c2n1)cc(c3c2)OCO3)C(c4ccc(S(N5CCOCC5)(=O)=O)cc4)=O)C 51090461,,pkm2,0,0,0.08
CC(Cc1nc(c2c(SCC(N3CCCCC3)=O)n1)N(C)C(=O)N(C)C2=O)C 51090451,,pkm2,0,0,0.0
Clc1c(CNC(CSc2nnc(CNC(c3ccccc3)=O)o2)=O)cccc1 51090449,,pkm2,0,0,0.03
Fc1c(S(Nc2cc(c3[nH+]c(n4c3)SCC4)ccc2)(=O)=O)cccc1 51090442,,pkm2,0,0,0.15
C[C@H](c1ccccc1)SC(N(S(c2ccccc2)(=O)=O)CC3)=N3 51090431,,pkm2,0,0,0.3
COc1cc(\C=C(\C(=O)N(CCCC(N2CCCC2)=O)C3=S)/S3)ccc1 51090427,,pkm2,0,0,0.18
Cc1ccc(S(N2[C@@H](CNC(C(NCc3cc(c4cc3)OCO4)=O)=O)OCC2)(=O)=O)cc1 51090409,,pkm2,0,0,0.13
CC(C(=O)N(N)C(SCC(Nc1c(F)cc(F)cc1)=O)=N2)=N2 51090408,,pkm2,0,0,0.17
Cc1ccc(S(N2[C@@H](CNC(C(NCc3cc(c4cc3)OCO4)=O)=O)OCCC2)(=O)=O)cc1 51090403,,pkm2,0,0,0.17
CCOC(Cc1nc(NC(c2cc(c3cc2)scn3)=O)sc1)=O 51090402,,pkm2,0,0,0.16
CN1C(=O)N(C)C(=O)C(S(Nc2c(c3ccc2)cccc3)(=O)=O)=C1 51090362,,pkm2,0,1,0.66
Cc1sc(NC(CSc2n(Cc3ccc(F)cc3)ccn2)=O)nn1 51090359,,pkm2,0,0,0.04
COCc1nnc(NC(c2ccc(S(N3CCCC3)(=O)=O)cc2)=O)o1 51090334,,pkm2,0,0,0.23
CC(Nc1ccc(S(N2C(SCc3ccc([N+]([O-])=O)cc3)=NCC2)(=O)=O)cc1)=O 51090308,,pkm2,0,0,0.28
CC(N1Cc2c(c(C#N)c(NC(CCS(c3ccccc3)(=O)=O)=O)s2)CC1)=O 51090307,,pkm2,0,0,0.18
CCOc1ccc(\C=C(/C(=O)N(CCC(Nc2ccc(C([O-])=O)cc2)=O)C3=S)\S3)cc1 51090241,,pkm2,0,0,0.01
CNC(C(NC[C@@H]1N(S(c2ccc(C)cc2)(=O)=O)CCO1)=O)=O 51090223,,pkm2,0,0,0.24
COc1c(NC(CSC(N(N)C(=O)C(C)=N2)=N2)=O)cc(Cl)cc1 51090222,,pkm2,0,0,0.11
Fc1c(NC(c2ccc(C(c3ccccc3)=O)cc2)=O)cccc1 51090200,,pkm2,0,0,0.36
CCc1sc(NC(CSC(N(CCOC)C(=O)c2c3c(c4[nH]2)cccc4)=N3)=O)nn1 51090194,,pkm2,0,0,0.09
Cc1ccc(n2c(NC(c3cc(F)c(F)cc3)=O)c(c4n2)CS(=O)(=O)C4)cc1 51090185,,pkm2,0,0,0.23
COc1ccc(S(N2[C@@H](CNC(C(NC3CCCC3)=O)=O)OCCC2)(=O)=O)cc1 51090180,,pkm2,0,0,0.14
CC(c1ccc(C(Nc2n(C(C)(C)C)nc(c23)CS(=O)(=O)C3)=O)cc1)(C)C 51090175,,pkm2,0,0,0.21
COc1ccc(CC(NCC(N\N=C\c2c(c3[nH]c2)cccc3)=O)=O)cc1 51090174,,pkm2,0,0,0.36
Fc1ccc(n2c(NC(c3ccc(Br)o3)=O)c(c4n2)C[S@](=O)C4)cc1 51090171,,pkm2,0,0,0.17
Clc1ccc(S(c2c(N3CCCCC3)oc(c4ccco4)n2)(=O)=O)cc1 51090168,,pkm2,0,0,0.47
COc1ccc(S(N2[C@@H](CNC(C(NCC[NH+](C)C)=O)=O)OCC2)(=O)=O)cc1 51090130,,pkm2,0,0,0.04
COc1c(OC)cc(CC\N=C(\NS(c2cc(OC)c(OC)cc2)(=O)=O)/N)cc1 51090114,,pkm2,0,1,0.6
CCc1sc(NC(CSc2nc(c3nn2)n(C)c(c34)cccc4)=O)nn1 847938,,pkm2,1,0,0.25
Cc1sc2c(n(C)c(c23)C(=O)N(Cc4c(F)cccc4)N=C3)c1 851783,,pkm2,1,0,0.21
Clc1cc(CN2C(C3=NN2)=NC([C@H]4CN(C(Cc5sccc5)=O)CCC4)=NC3=O)ccc1 851862,,pkm2,1,0,0.25
Fc1c(Cn2c(c3nn2)ncnc3NCCc4ncccc4)cccc1 852028,,pkm2,1,1,0.63
Cc1c(c2c(C)cc1)NC(=O)C(CN(C(Nc3ccccc3)=O)Cc4ccco4)=C2 852037,,pkm2,1,0,0.41
Cc1cc(NC(CSc2nn(c3ccccc3)cn2)=O)no1 852390,,pkm2,1,0,0.24
C(n1c(c2nn1)ncnc2N3Cc(c4CC3)cccc4)c5ccccc5 853202,,pkm2,1,0,0.43
Oc1c(C(N(C(=[NH+]2)S3)CC2)=C3)cc(Br)cc1 856702,,pkm2,1,0,0.16
CN1c2c(n(C)c(OCc3cnccc3)n2)C(=O)N(Cc4ccc(Br)cc4)C1=O 857935,,pkm2,1,0,0.28
Cc1ccc(C(C([C@@H](c2cc(Cl)ccc2)N(c3ncccn3)C4=O)=C4O)=O)o1 858755,,pkm2,1,0,0.46
O=C1N(Cc2ccco2)C(=O)\C(=C\[NH2+]Cc3sccc3)\C(=O)N1 858911,,pkm2,1,0,0.07
[N-]=[N+]=CC([C@H](N1C(=O)c(c2C1=O)cccc2)Cc3ccccc3)=O 859367,,pkm2,1,1,0.54
Cc1cc(C)c(n2c(c3cn2)ncnc3N4CCCC4)cc1 859821,,pkm2,1,1,0.58
CC(OC(NCCCCCc1nnc(SCC(Nc2cc(Cl)ccc2)=O)o1)=O)(C)C 861582,,pkm2,1,0,0.21
Brc1cc([C@@H]2C3=C(Oc(c4C3=O)cccc4)C(=O)N2Cc5ccco5)ccc1 862472,,pkm2,1,0,0.08
CC(C[C@@H](c1nnc(S(Cc2ccc(F)cc2)(=O)=O)o1)[NH3+])C 863619,,pkm2,1,0,0.13
CCCC(N(Cc1ccco1)C(=O)C2=C3Sc(c4C2=O)cccc4)=N3 864711,,pkm2,1,0,0.34
CCCCN1C(N)=C(Sc2ccc(C)cc2)C(=O)NC1=O 3711133,,pkm2,1,0,0.48
Cc1scc(COC(c2ccc(S(N3CCCC3)(=O)=O)cc2)=O)n1 3714707,,pkm2,1,0,0.39
NC(c1ccc(C(N)=S)o1)=S 3714863,,pkm2,1,1,0.51
CC(NC(NC(CSc1c(Cl)cc(C(F)(F)F)cn1)=O)=O)C 3716572,,pkm2,1,0,0.25
CNC(NC(CSc1c(Cl)cc(C(F)(F)F)cn1)=O)=O 3717398,,pkm2,1,0,0.32
O=C(c1noc(c2ccco2)c1)NCc3cnccc3 4240760,,pkm2,1,0,0.41
COc1cc(c2c(c3n(C)n2)cc(C(NCc4ccc(C)o4)=O)s3)ccc1 4243260,,pkm2,1,0,0.3
Cc1ccc(CNC([C@@H]2c(c3C(=O)N4[C@@H]2c(c5CC4)cccc5)cccc3)=O)o1 4244653,,pkm2,1,0,0.23
O=C(NC1CC1)CCCN2C(=O)c(c3NC2=S)cc(c4c3)OCO4 4250952,,pkm2,1,0,0.37
O=C(N1c(c2CC1)ccc(S(Nc3cc(c4cc3)OCO4)(=O)=O)c2)C5CCC5 4251754,,pkm2,1,0,0.32
CCOC(C([C@@H](c1c(OC)c(OC)ccc1)n(c2N3)nnn2)=C3C)=O 4252166,,pkm2,1,1,0.59
Cc1ccc(Cn2c(c3cn2)ncnc3N4CCCC4)cc1 4255198,,pkm2,1,1,0.57
COc1c(Cl)cc(NC(CSc2nn(c3ccccc3)cn2)=O)cc1 4256944,,pkm2,1,0,0.08
COc1cc(c2c(c3sc2)C(=O)NC=N3)ccc1 4257118,,pkm2,1,0,0.38
Cc1ccc(c2c(c3sc2)C(=O)N(CC=C)C(SCc4nc(C)sc4)=N3)o1 4260204,,pkm2,1,0,0.16
C=CCN1C(SCC(N2CCOCC2)=O)=Nc3c(c(c4ccco4)cs3)C1=O 4262147,,pkm2,1,0,0.24
COCCCNC(COc1ccc(S(Nc2ccccc2)(=O)=O)cc1)=O 4264092,,pkm2,1,0,0.42
COc1c(N2CCN(C(CSC(NC(C)=C(Cc3ccccc3)C4=O)=N4)=O)CC2)cccc1 4264372,,pkm2,1,0,0.18
CCCn1c(c2nc1NCc3c(O)c(OC)ccc3)cccc2 4264948,,pkm2,1,1,0.63
Cc1cc(c2cc1)c(c3C(=O)N2)sc(C(N4CCN(C(c5ccco5)=O)CC4)=O)c3 7965309,,pkm2,1,0,0.42
COc1c(OC)cc(S(Nc2cc(Cl)c(F)cc2)(=O)=O)cc1 7972126,,pkm2,1,0,0.38
CCC(c(c1OC2=O)ccc(OCC(Cl)=C)c1)=C2 7973051,,pkm2,1,1,0.6
Cc1cc(C)c(\N=C\c2c(O)c(O)ccc2)cc1 7976695,,pkm2,1,1,0.7
COc1c(C[N@H+](Cc2n(Cc3ccco3)nnn2)Cc4c(O)nc(c5c4)cc(c6c5)OCCO6)cccc1 14722641,,pkm2,1,0,0.18
CCC(n1c([C@@H](c2c(O)nc(c3c2)c(C)cc(C)c3)[NH+]4CCN(C(c5ccco5)=O)CC4)nnn1)(C)C 14723413,,pkm2,1,0,0.1
CN1\C(=N\S(c2ccc(Br)cc2)(=O)=O)\SC=C1 14732387,,pkm2,1,0,0.27
Cc1ccc(c2c(Nc3ccc(C)cc3)n(c4n2)ccnc4)o1 14735377,,pkm2,1,0,0.41
CCOc1c(OCc2c(F)cccc2)ccc(\C=C(/C(C)=NO3)\C3=O)c1 14738610,,pkm2,1,0,0.44
C(/c1n(c2ccccc2)ccc1)=N\n3cnnc3 14742077,,pkm2,1,1,0.52
C(c1ccccc1)Sc2c3c(n(Cc4ccccc4)nc3)ncn2 14743446,,pkm2,1,0,0.26
CCCN1C(=O)N(C)C(=O)C(C(CSc2scc(C)n2)=O)=C1N 14744366,,pkm2,1,0,0.29
COc1c(NC(CSc2c(C#N)cc(C#N)c(N)n2)=O)cccc1 14744425,,pkm2,1,0,0.28
O=C(c1cnccc1)NCCOC(c2sc(C(OCCNC(c3cnccc3)=O)=O)cc2)=O 14745426,,pkm2,1,0,0.37
CCCN1C(=O)\C(=C\c2ccc(C)o2)\SC1=[NH+]c3ccc(OCC)cc3 17386738,,pkm2,1,0,0.31
C[NH+]1CCN(c2c(c3cnccc3)cncn2)CC1 4239341,,kat2a,1,0,0.15
O=C(c1noc(c2sccc2)c1)NCCCn3cncc3 4240859,,kat2a,1,0,0.24
O=C(C1CCN(S(c2c(c3ccc2)non3)(=O)=O)CC1)NCC[NH+]4CCN(c5ccccc5)CC4 4242610,,kat2a,1,0,0.04
O=C(c1noc(c2sccc2)c1)NCc3ccccc3 4250836,,kat2a,1,0,0.24
C[NH+]([C@H]1C([O-])=C(C(NC[NH+]2CCCC2)=O)C(=O)[C@@](O)([C@@H]13)C([O-])=C4[C@@H]([C@](O)(C)c(c5C4=O)cccc5[O-])C3)C 4253075,,kat2a,1,0,0.11
CC[C@@]1(C[C@]2(C(OC)=O)O)[C@@H]([N@H+]3CCC1)c(n24)c(c(c45)cccc5)CC3 11112493,,kat2a,1,0,0.13
[O-]C(CCCC[C@H]1SSCC1)=O 11532893,,kat2a,1,0,0.08
C[NH+]([C@@H]1C(=O)C(C(NC[NH+]2CCCC2)=O)=C([O-])[C@](O)([C@@H]13)C([O-])=C4[C@@H]([C@@](O)(C)c(c5C4=O)cccc5[O-])C3)C 11532927,,kat2a,1,0,0.1
CC(C1=O)=C\C(\C=C1)=N/OS(c2ccccc2)(=O)=O 14721138,,kat2a,1,1,0.66
CCOC([C@@H]1CN(c2ccc(NC(c3c(c4ns3)NC(C)=NC4=O)=O)cc2)CCC1)=O 14723175,,kat2a,1,0,0.33
ClCCNc1[nH]c(c2n1)cc(Cl)cc2 14723948,,kat2a,1,1,0.73
O=C1NC(=S)N(Cc2ccco2)C(=O)C1 14731513,,kat2a,1,1,0.58
COc1c(Cn2nccc2)cc(\C=C(\C(=O)c(c3C4)cccc3)/C4)cc1 14738593,,kat2a,1,1,0.55
CCOC(Cn1c(c2c(C)n1)CCCC2=O)=O 14741270,,kat2a,1,1,0.54
C[C@H](C([O-])=O)N1C(=O)\C(=C\C=C\c2ccco2)\SC1=S 14742430,,kat2a,1,0,0.19
CC(NC(COc1c(c2ncn1)ccs2)=O)C 14744502,,kat2a,1,0,0.32
CC[N@H+]1Cc(c2\C(=C\c3ccc(CC)cc3)\C1)c(C([O-])=O)c(c4n2)cccc4 17385602,,kat2a,1,0,0.06
Cc1ccc(NC([C@H](c2ccc(Cl)cc2)[NH+]3CCCCC3)=O)cc1 17401388,,kat2a,1,0,0.04
Cc1c(NC(OCc2c(Cl)cc(Cl)cc2)=O)snn1 17402513,,kat2a,1,0,0.4
CCCn1c(OCC)c(c2n1)ccc(C(N[C@H]3c(c4CCC3)cccc4)=O)c2 17407063,,kat2a,1,0,0.42
COc1cc(C(NC(N2CCN(c3c([N+]([O-])=O)cc(C(F)(F)F)cc3)CC2)=S)=O)cc(OC)c1 17412127,,kat2a,1,0,0.24
CCCN1C(O)=C(\C=C(\C(c2ccccc2)=N3)/C=N3)SC1=S 17414562,,kat2a,1,0,0.24
Oc1c(c2sc(c3n2)cccc3)ccc(NC(C(OCCO4)=C4)=O)c1 22400868,,kat2a,1,0,0.24
COC(c1c(c2sccc2)csc1NC(c3cc(OC)c(OC)c(OC)c3)=O)=O 24392916,,kat2a,1,0,0.35
CCc1nc(c2c(OC)ccc(S(N3CCN(c4ccc(OC)cc4)CC3)(=O)=O)c2)no1 24394167,,kat2a,1,1,0.58
COc1cc(c2cc1)n(Cc3ccc(C=C)cc3)c(C([O-])=O)c2C[NH2+]Cc4ccccc4 24396619,,kat2a,1,0,0.05
COc1ccc([C@H]2C(C#N)=C(N3C(=O)C2)SC[N@@H+](C4CCCCC4)C3)cc1 24398650,,kat2a,1,0,0.04
CC(\C(=C\c1ccc(c2cc(C([O-])=O)c(Cl)cc2)o1)\C(=O)O3)=N3 24823600,,kat2a,1,0,0.04
O=C(c1c(c2nc(c3ccco3)c1)cccc2)Nc4cc(S(NC(CCC5)=N5)(=O)=O)ccc4 26658134,,kat2a,1,1,0.56
CCC(NC(C(=O)C(Cl)=C(NC(CC)=O)C1=O)=C1Cl)=O 26667296,,kat2a,1,1,0.64
[O-]C(CCC(NCCc1c(c2[nH]c1\C=C(/C(=O)N(Cc3ccc(F)cc3)C(=S)N4)\C4=O)cccc2)=O)=O 26670969,,kat2a,1,0,0.16
COc1c(O)c(CSc2sc(c3n2)cccc3)cc(\C=C(\C(N)=O)/C#N)c1 26752219,,kat2a,1,0,0.27
Oc1c([O-])c(c2c([O-])c1)C(=O)c(c3C2=O)cccc3 26753755,,kat2a,1,0,0.16
CNc1c(C([O-])=O)c(c2cc1)nc(C[C@H]3[C@@H](C)CC[C@@]4([C@H](C)C[C@@H](C)[C@@H]([C@H](C(c5[nH]ccc5)=O)C)O4)O3)o2 26755303,,kat2a,1,0,0.13
C[N+](CC[N+]1(Cc(c2C1)c(Cl)c(Cl)c(Cl)c2Cl)C)(C)C 26756587,,kat2a,1,1,0.91
CC[C@H]1C(c2ccc(F)cc2)=NN(c3ccccc3)[C@@H]1CO 29215627,,kat2a,1,0,0.48
NC(C1CCN(C(CC(c2ccccc2)c3ccccc3)=O)CC1)=O 47203413,,kat2a,1,1,0.55
CC(Nc1ccc([C@@H]2N(c3ccccc3)N=C(c4ccc(Cl)cc4)C2)cc1)=O 49666342,,kat2a,1,0,0.3
Clc1ccc(CNC(c2cc(NC(S[C@H]([C@@H]34)CS(=O)(=O)C3)=[NH+]4)ccc2)=O)cc1 49715100,,kat2a,1,0,0.02
COc1c(OC)cc(CCNC(c2cc(c3cc2)NC(=O)[C@@H](CSCc4c(C)ccc(C)c4)N3)=O)cc1 49716882,,kat2a,1,0,0.16
CC(C(N1C=C2)=NC3=C(C=C(C(NC4CCCCC4)=O)C(=[NH2+])N3Cc5ccccc5)C1=O)=C2 49718014,,kat2a,1,0,0.44
COc1ccc(N(S(c2sc(NC(c3ccco3)=O)nn2)(=O)=O)CC(C)C)cc1 49736147,,kat2a,1,0,0.24
[O-]C([C@@H](NC(COc1cc2c(c(c3C(=O)O2)cccc3)cc1)=O)Cc4c(c5[nH]c4)cccc5)=O 49829310,,kat2a,1,0,0.24
[NH3+][C@H](C([O-])=O)Cc1cc(I)c(Oc2cc(I)c([O-])c(I)c2)cc1 50125932,,kat2a,1,1,0.51
COc1c(O)cc(c2c1)OC(=O)C=C2 56463587,,kat2a,1,1,0.72
[NH3+][C@H](C([O-])=O)Cc1c(O)cc(O)c(O)c1 57264290,,kat2a,1,0,0.08
COc1ccc(S(N2CCN(C(c3sc(c4c3)CCC4)=O)CC2)(=O)=O)cc1 85269444,,kat2a,1,0,0.46
NC(c1c([N+]([O-])=O)cc([N+]([O-])=O)c(N2CC2)c1)=O 90341816,,kat2a,0,1,0.83
C[C@H]([C@H]1C(=O)N([C@@H]12)C(C([O-])=O)=C(SCCNC=[NH2+])C2)O 90341794,,kat2a,0,0,0.3557136292268219
CC([C@@H]1[C@](C)([C@H]2CC1)CC(=O)[C@@H]([C@H]23)[C@](C)([C@H]4CC3)CC[C@@H](O)C4)=O 90341788,,kat2a,0,1,0.65
[O-]S(Cc1c(c2on1)cccc2)(=O)=N 90341782,,kat2a,0,0,0.39
C[C@]1(C([O-])=O)[C@@](C([O-])=O)(C)[C@H](O[C@H]12)CC2 90341775,,kat2a,0,0,0.1
CC[N@@H+](Cc1c(Br)cccc1)CCCl 90341762,,kat2a,0,0,0.14
C[C@H](c1c(Cl)c(Cl)ccc1)[NH3+] 90341748,,kat2a,0,0,0.36
[NH3+][C@H](C([O-])=O)Cc1ccc(F)cc1 90341733,,kat2a,0,0,0.09
CC[N@H+]1[C@@H](CNC(c2c(OC)cc(N)c([S+](CC)([O-])=O)c2)=O)CCC1 90341703,,kat2a,0,0,0.05
Clc1nnc(N2C[C@@H]([NH2+][C@H]3C2)CC3)cc1 90341685,,kat2a,0,0,0.18
CC[N+](c1cc(O)ccc1)(C)C 90341680,,kat2a,0,1,0.9
S=C(Nc1sccn1)Nc2ccccc2 90341679,,kat2a,0,1,0.7
COC([C@@H](c1ccccc1)NC(c2c(c3nc(c4ccccc4)c2)cccc3)=O)=O 90341678,,kat2a,0,1,0.54
CNC(c1ncc2c(c(c3[nH]2)cccc3)c1)=O 90341644,,kat2a,0,1,0.74
Cc1c(CC[NH3+])c(c2[nH]1)cc(O)cc2 90341641,,kat2a,0,0,0.33
Nc1c2c(n([C@H]3[C@H](O)[C@H](O)[C@@H]([NH3+])C3)cc2I)ncn1 90341626,,kat2a,0,0,0.2979995710685754
CCn1c(c2nc1)nc(N[C@H]3[C@@H]([NH3+])CCCC3)nc2Nc4cc(Cl)ccc4 90341623,,kat2a,0,0,0.17
C[NH+]([C@H]1CC2)[C@H]2CC(OC([C@@H](c3ccccc3)O)=O)C1 90341607,,kat2a,0,0,0.15
Oc1c(c2nc(C([O-])=O)c1)c(Cl)cc(Cl)c2 90341603,,kat2a,0,0,0.17
CN1C(=O)N(C)[C@]2(C[C@@H]([N@@H+]3CC2)c4c(c(c5o4)cccc5)CC3)CC1 90341597,,kat2a,0,0,0.09
CC(\C(=C\c1ccc([S+]([O-])(C)=O)cc1)\c(c23)ccc(F)c2)=C3CC([O-])=O 90341591,,kat2a,0,0,0.23
CCOC(C([C@H](c1cc([N+]([O-])=O)ccc1)C(C(OC)=O)=C(C)N2)=C2C)=O 90341570,,kat2a,0,1,0.7
[O-]C(CCCCCCCC([O-])=O)=O 90341560,,kat2a,0,0,0.01
C[C@H](C(Nc1c(C)cccc1C)=O)[NH3+] 90341559,,kat2a,0,0,0.26
NC(N[C@H](C([O-])=O)CCC([O-])=O)=[NH2+] 90341529,,kat2a,0,0,0.15
C[NH+]1CCC(c2c(c3[nH]c2)cc(O)cc3)CC1 90341506,,kat2a,0,0,0.08
C1CCC(NC(N2CCOCC2)=[NH+]C3(CC4C5)CC(CC5C3)C4)CC1 90341466,,kat2a,0,0,0.23
Cc1nsc(NC(Nc2cc3c(n(C)cc3)cc2)=O)c1 90341465,,kat2a,0,0,0.33
Cc1c(N)ccc(Cn2c(c3nc2)C[C@@H](C([O-])=O)N(C(C(c4ccccc4)c5ccccc5)=O)C3)c1 90341448,,kat2a,0,0,0.09
OC1(c2ccc(Cl)cc2)CC[NH+](Cc3c(c4[nH]c3)cccc4)CC1 90341424,,kat2a,0,0,0.07
CC([C@H]1CC=C(C([O-])=O)CC1)=C 90341399,,kat2a,0,0,0.00571362922682189
CN1C(=O)c(c2N(C)C1=O)n(C)c(\C=C\c3cc(Cl)ccc3)n2 90341368,,kat2a,0,1,0.59
CNC([C@@H]1[C@@H](O)[C@@H](O)[C@H](n2c(c3nc2)ncnc3NCc4ccc(N)cc4)O1)=O 90341364,,kat2a,0,1,0.84
COc1cc(c2cc1)[C@@]3([C@H]([C@H]4C2)CCCC3)CC[NH2+]4 90341321,,kat2a,0,0,0.06
C[NH2+]CCc1cc(O)c(O)cc1 90341311,,kat2a,0,0,0.1
Oc1c([O-])c([N+]([O-])=O)cc([N+]([O-])=O)c1 90341310,,kat2a,0,0,0.19
N[S+](C#Cc1ccccc1)([O-])=O 90341302,,kat2a,0,1,0.51
CCC[N@H+]1[C@@H]([C@@H]2CCC1)Cc(c3C2)cnc(N)n3 90341289,,kat2a,0,0,0.09
Cc1ncc(C(NCCc2ccc([S+](\N=C(\NC3CCCCC3)/O)([O-])=O)cc2)=O)nc1 90341255,,kat2a,0,1,0.55
FC1(Oc(c2O1)cc(\C=C(\C(=O)[N-]C3=O)/S3)cc2)F 90341251,,kat2a,0,0,0.19
CN1C(=O)c(c2N(C)C1=O)n(C)cn2 90341215,,kat2a,0,1,0.85
[NH3+]CCNC(c1c(c2cc(F)ccc2)scn1)=O 90341195,,kat2a,0,0,0.14
CC(NCCc1c(c2[nH]c1)cc(O)cc2)=O 90341149,,kat2a,0,1,0.8
CN1c(c2CC1)ccc(NC(Nc3cnccc3)=O)c2 90341145,,kat2a,0,1,0.56
C[S+](Nc1c(Oc2ccccc2)cc([N+]([O-])=O)cc1)([O-])=O 90341133,,kat2a,0,0,0.37
NC(SCCc1ccc(CCSC(N)=[NH2+])cc1)=[NH2+] 90341115,,kat2a,0,0,0.49
CCCCCN(C([C@H](NC(c1cc(Cl)c(Cl)cc1)=O)CCC([O-])=O)=O)CCCCC 90341097,,kat2a,0,0,0.15
COc1ccc(NC(c2c(C(F)(F)F)nn(C)c2SCc3ccccc3)=O)cc1 17402440,,aldh1,1,0,0.23
Oc1c(C([O-])=O)ccc(NS(\C=C\c2ccccc2)(=O)=O)c1 858402,,aldh1,1,0,0.07
CN1C(=O)c(c2N=N1)c(c3s2)CCCC3 14743495,,aldh1,1,0,0.21
COC(c1c(NC(c2ccccc2)=O)sc(C(c3ccccc3)=O)c1C)=O 17386780,,aldh1,1,0,0.34
[O-][N+](c1c(C(c2c(F)cccc2)=O)cc(c3c1)OCCO3)=O 24796196,,aldh1,1,0,0.42
COc1ccc(C([O-])=C2C(=O)C(=O)N(c3noc(C)c3)[C@@H]2c4c(OC)cccc4)cc1 860576,,aldh1,1,0,0.12
Clc1c(OCC(NCc2cc(c3cc2)OCO3)=O)ccc(S(N4CCCC4)(=O)=O)c1 4259153,,aldh1,1,0,0.34
O=C(Nc1c(c2ncc1)cccc2)CSc3n([C@H]4[C@@H](C[C@H]5C4)CC5)nnn3 4258320,,aldh1,1,0,0.23
Cc1nc([N+]([O-])=O)c(OCC(c2c(C)cc(C)c(C)c2)=O)cc1 14747200,,aldh1,1,0,0.43
COC(N(OCC(C)C)C(=O)c(c12)cccc1)=N2 861142,,aldh1,1,1,0.69
CCOC(c1c(c2ncsc2)c(c3c(O)cc(O)c(CC)c3)n[nH]1)=O 14745969,,aldh1,1,0,0.35
C[N@@H+]1[C@]2(c(c3NC2=O)cccc3)[C@]4(C(=O)c(c5OC4)cccc5)[C@H](c6ccccc6)C1 17411269,,aldh1,1,0,0.08
COc1ccc(c2c(c3nc(N)c2C#N)c(N)c(C(c4ccccc4)=O)s3)cc1 17512659,,aldh1,1,0,0.3
ClCC(NC(NC1(CC2C3)CC(CC3C1)C2)=O)=O 22402056,,aldh1,1,0,0.38
Cc1ccc(S(N[C@@H](c2ccco2)CC(N3c(c4CC3)cccc4)=O)(=O)=O)cc1 4252185,,aldh1,1,0,0.24
COc1cc(O)c(c2c(c3cn(c4ccccc4)nc3)c(C)[nH]n2)cc1 7972192,,aldh1,1,1,0.64
Cc1ccc(S(NC(CSc2ncccn2)(C)C)(=O)=O)cc1 24801765,,aldh1,1,0,0.35
COc1ccc(NC(C[C@@H]2C(=O)N(c3ccc(Cl)cc3)C(=S)N2CCc4ncccc4)=O)cc1 17504179,,aldh1,1,0,0.12
Cc1c([N+]([O-])=O)cccc1C(NCCSCc2ccccc2)=O 24807759,,aldh1,1,0,0.3
Cc1ccc(S(Nc2c(Oc3ccc(Cl)cc3)nccc2)(=O)=O)cc1 26730561,,aldh1,1,0,0.36
Oc1cc(N2C(=O)[C@H]([C@@H]3C2=O)[C@@H]4C=C[C@H]3[C@H]5[C@@H]4[C@H]6[C@@H]5C(=O)N(c7cc(O)ccc7)C6=O)ccc1 24790087,,aldh1,1,0,0.41
COc1cc([N+]([O-])=O)c(N2CCN(C(c3ccc(Br)cc3)=O)CC2)cc1 24796208,,aldh1,1,0,0.19
CN(c1ccc(C(NCc2ccco2)=S)cc1)C 4263497,,aldh1,1,1,0.51
C[C@H](C(NN=C1CC[NH+](C)CC1)=O)SCc2ccccc2 17412467,,aldh1,1,0,0.03
CCOC(c1c(n2c(C)c(C=C3C(=O)NC(=S)NC3=O)cc2C)sc(c14)CCCC4)=O 17412566,,aldh1,1,0,0.2
C[C@H]1N(C(C[NH+]2CCC(n3c(c4nn3)ccc(C(F)(F)F)c4)CC2)=O)c(c5C1)cccc5 16953184,,aldh1,1,0,0.04
O=C(N1CCN(C(c2ccco2)=O)CC1)COc3cc(C(NCc4ccccc4)=O)ccc3 3716688,,aldh1,1,0,0.46
O=C(c1c(c2sc1)CCCCC2)NCc3ccccc3 14735401,,aldh1,1,0,0.14
Cc1cc(c2o1)n(Cc3ccc(Cl)cc3)c(C(NCc4cnccc4)=O)c2 4244025,,aldh1,1,1,0.5
Cc1n(c2cc(Cl)ccc2)c(C)c(\C=N\NC(N)=S)c1 24789165,,aldh1,1,0,0.34
Cc1cc(c2o1)c(C)nc(Cc3ccccc3)n2 856215,,aldh1,1,1,0.52
CN(c1ccc(\N=C(/N(C)c(c23)cccc2)\S3)cc1)C 17385815,,aldh1,1,1,0.65
[O-][N+](c1ccc(c2[nH+]c([S-])[nH]c2)cc1)=O 26669916,,aldh1,1,0,0.17
CCN1c(c(c2ccc3)c3C1=O)ccc2NC(c4ccc(S(N(C)C)(=O)=O)cc4)=O 7972526,,aldh1,1,0,0.41
CC(CC[N@H+]1[C@H](CCO)CN(C\C=C\c2ccco2)CC1)C 24786510,,aldh1,1,0,0.11
COC(C(CC(=O)N1CCc2ccc(OC)cc2)=C1C)=O 7978129,,aldh1,1,1,0.55
CCc1c(NC(CCl)=O)c(CC)cc(SC#N)c1 22409964,,aldh1,1,0,0.25
Cc1c(OCCNC(CSc2c([N+]([O-])=O)cc(C(F)(F)F)cc2)=O)cccc1 17509304,,aldh1,1,0,0.18
COc1c(OCC(N)=O)c(Cl)cc(C[NH2+]CCc2c(c3[nH]c2)cccc3)c1 24803638,,aldh1,1,0,0.05
COC(c1c(NC(COC(Cn2c(c3nc2)cccc3)=O)=O)sc(c14)CCCC4)=O 22407762,,aldh1,1,0,0.31
COc1c(Nc2scc(c3c(C)nc(NC(c4ccc([N+]([O-])=O)cc4)=O)s3)n2)cccc1 17410184,,aldh1,1,0,0.08
CN1c(c2C(=S)C=C1)cccc2 24811140,,aldh1,1,0,0.41
Cc1nc(c2c(NCC[NH+]3CCOCC3)n1)n(Cc4c(Cl)cccc4)nn2 846692,,aldh1,1,0,0.06
ClCc1nnc(c2sc(c3c2)CCCC3)o1 24832098,,aldh1,1,0,0.11
CCOC(c1c(C)c(c2s1)c(N3CCN(c4ccc(OC)cc4)CC3)nc(CC(OC)=O)n2)=O 14733396,,aldh1,1,0,0.39
Nc1c([N+]([O-])=O)c(N2CCCC2)nc(NCc3ccco3)n1 26663676,,aldh1,1,0,0.41
Clc1c(Cl)ncc(S(N2CCN(c3ncccn3)CC2)(=O)=O)c1 26662197,,aldh1,1,0,0.39
Oc1c(c2c(NS(c3cc([N+]([O-])=O)ccc3)(=O)=O)cc1SCC([O-])=O)cccc2 26658061,,aldh1,1,0,0.16
CO[NH+]=CNC(c1c(Oc2ccccc2)nccc1OC)=O 17410545,,aldh1,1,0,0.24
Cc1c(Br)cc(C(NC(NC[C@@H]2OCCC2)=S)=O)cc1 22413409,,aldh1,1,0,0.17
Cc1c(OCC(N(\N=C\c2ccc(OCC([O-])=O)cc2)C(=O)c(c34)cccc3)=N4)c(C)ccc1 22414531,,aldh1,1,0,0.08
Cc1n(c2ccccc2)c(C)c(\C=N\NC(C(NCc3ncccc3)=O)=O)c1 22413148,,aldh1,1,0,0.38
CCOC(C1CCN(C(Nc2ccc(S(N)(=O)=O)cc2)=S)CC1)=O 22412135,,aldh1,1,1,0.61
Cc1n(c2ccc(Cl)cc2)c(C)c(\C=N\NC(N)=S)c1 22403142,,aldh1,1,0,0.34
CN(c1ccc(\C=C(/n2ncnc2)\C(c3c(Cl)cc(Cl)cc3)=O)cc1)C 17509115,,aldh1,1,0,0.42
CC[C@H]([C@H]1C2=C(CC(C)(C)CC2=O)OC([NH3+])=C1C#N)C 7971908,,aldh1,1,0,0.21
COc1cc(c2cc1)c(c3CC2)nc(\N=C\c4cc(OC)c(O)cc4)s3 17508353,,aldh1,1,0,0.44
O=C([C@@H]1CN(S(c2ccc(n3nnnc3)cc2)(=O)=O)CCC1)NCc4ccco4 852461,,aldh1,1,0,0.46
CCc1c(OS(C)(=O)=O)cc(c2c1)OC(C)=C(c3cc(c4cc3)OCCO4)C2=O 17433467,,aldh1,1,1,0.59
O=C(c1c(c(c2CC3)c3cc1)ccc2)N4CCOCC4 852141,,aldh1,1,1,0.66
Cc1cc(NC(NNC(COc2c(Cl)cc(Cl)cc2)=O)=S)ccc1 17515041,,aldh1,1,0,0.09
CCCCNC(Nc1c(C)cc(SC#N)cc1C)=O 24829095,,aldh1,1,0,0.22
CNC(C(=O)C(C(\C=C\c1ccc(OC)cc1)=O)=CC(Br)=C2)=C2 22405333,,aldh1,1,0,0.27
Nc1c(N2CCCCC2)cc(N3CCCCC3)cc1 852833,,aldh1,1,0,0.48
Cc1c(c2c(C)cc1)cc(C[N@@H+](Cc3n(C4CCCCC4)nnn3)C[C@@H]5OCCC5)c(O)n2 851624,,aldh1,1,0,0.46
Cc1c(c2sc1)ncnc2SCC(NNC(C(Cl)Cl)=O)=O 26730306,,aldh1,1,0,0.23
CCn1nc(C(NN)=O)c(Br)c1 17387147,,aldh1,1,1,0.51
Fc1cc(NC(COC([C@@H](NC(c2sccc2)=O)Cc3ccccc3)=O)=O)c(F)cc1 22409704,,aldh1,1,0,0.14
C[C@H]1N(S(c2ccc(NC(c3cc(n4nnnc4)ccc3)=O)cc2)(=O)=O)CCCC1 846914,,aldh1,1,0,0.4
Clc1c(NC(COC(CN2C(=O)[C@H]([C@H]3C2=O)CCCC3)=O)=O)cc(S(N4CCOCC4)(=O)=O)cc1 17517313,,aldh1,1,1,0.52
O=C1[C@@H](Cc2ccccc2)[C@@H]3[C@H]([C@@H]4C1)N(C(=O)CCC3)CC4 29215633,,aldh1,1,1,0.53
Clc1ccc(CCNC(C2CCN(S(N3CCCC3)(=O)=O)CC2)=O)cc1 4247937,,aldh1,1,0,0.36
CS\C(\Nc1ccc(F)cc1)=C/[N+]([O-])=O 14729981,,aldh1,1,0,0.39
NNC(c1c(c2sccc2)n(c3c(N)non3)nn1)=O 14738600,,aldh1,1,0,0.3757136292268219
CC1CCN(C(CCc2n(C)c(c3n2)ccc(S(N(C)C)(=O)=O)c3)=O)CC1 3715652,,aldh1,1,0,0.38
O=C(\C(\C#N)=C\c1n(c2ccccc2)ccc1)NC3CCCCC3 22403636,,aldh1,1,0,0.22
Cc1cc(Oc2ccc(NC([C@@H]3[C@@H](C([O-])=O)CC=CC3)=O)cc2)ccc1 24796107,,aldh1,1,0,0.01
Cc1cc(NC([C@H](c2c(Cl)cccc2)[NH+]3CCOCC3)=O)ccc1 24784558,,aldh1,1,0,0.07
Cc1c([N+]([O-])=O)cc(C(NC(NC[C@@H]2OCCC2)=S)=O)cc1 24787540,,aldh1,1,0,0.14
CCN1c(c2SCC1=O)cc(C(NCc3ccco3)=O)cc2 4251338,,aldh1,1,0,0.18
COCCN1C(=O)\C(=C\c2cc(OC)c(Oc3ncc([N+]([O-])=O)cc3)cc2)\SC1=[NH+]c4ccccc4 14728062,,aldh1,1,0,0.14
[S-]c1n(c2ccccc2)c(c3cnccc3)nn1 14724512,,aldh1,1,0,0.11
O[C@]1(C(F)(F)F)[C@H](C(c2sccc2)=O)[C@@H](c3ccc(Br)cc3)NC(=S)N1 22413634,,aldh1,1,0,0.16
CCOc1c(C(NC2CC[NH+](Cc3n(C4CCCC4)nnn3)CC2)=O)cccc1 847682,,aldh1,1,0,0.07
CCN(c1ccc(\C=C(\C(=O)N(C[C@@H]2OCCC2)C(=O)N3)/C3=O)cc1)CC 17513244,,aldh1,1,0,0.32
CC1(CC(Nc2ncccc2)=CC(=O)C1)C 842531,,aldh1,1,1,0.63
CCCCC(Nc1c(C(OCC)=O)c(c2s1)CCC(C=O)=C2Cl)=O 17416326,,aldh1,1,0,0.23
Nc1ccc(C2(c3ccc(N)cc3)CCCCC2)cc1 24829362,,aldh1,1,1,0.61
COc1cc(OC)c(\C=N\N2C(=O)[C@H]([C@@H]3C2=O)[C@H]4CC[C@@H]3C=C4)cc1 24810565,,aldh1,1,0,0.42
CCCCS(\C=C/C=C\S(CCCC)(=O)=O)(=O)=O 4251553,,aldh1,1,1,0.65
FC(c1cc(N2CC[NH+](\C=C(/C(N3C4)=Nc(c5C3=O)cccc5)\C4)CC2)ccc1)(F)F 857420,,aldh1,1,0,0.06
CC1(Cc(c2C(=O)C1)nc(NC(C[NH+]3CCCCC3)=O)s2)C 7975053,,aldh1,1,0,0.05
O=Cc1sc(N2CC[NH+](Cc3ccccc3)CC2)nc1 24819014,,aldh1,1,0,0.08
Cn1c(SCC(c2ccccc2)=O)nnc1CC(Nc3ccccc3)=O 4260034,,aldh1,1,0,0.08
COc1ccc(c2n[nH]c(c3n(c4c(OC)ccc(OC)c4)c([S-])nn3)c2)cc1 17513247,,aldh1,1,0,0.26
COc1c(C(O\N=C(/c2ccc(N3C(=O)[C@H]([C@H]4C3=O)CCCC4)cc2)\C)=O)cccc1 17415539,,aldh1,1,0,0.4
COCCCN1\C(=C(\C(N2CCOCC2)=O)/C#N)\S\C(=C\c3c(OC(F)F)cccc3)\C1=O 24830038,,aldh1,1,0,0.22
O=C(N1CC(=O)N(CCc2ccccc2)C(=O)C1)CN3C(=O)[C@H]([C@@H]4C3=O)[C@H]5C[C@@H]4C=C5 4246676,,aldh1,1,0,0.37
CC1(OC(=O)C(\N=N\c2ccc(Cl)cc2)=C([O-])O1)C 16953221,,aldh1,1,0,0.14
C[NH+](\C=C(\C(c1c(Oc2cc(F)ccc2)nccc1)=O)/C#N)C 17402109,,aldh1,0,0,0.2
CSc1c(c2nnn1)cccc2 50108038,,aldh1,0,0,0.36
CN(C(ONC(COc1ccc(C(C)(C)C)cc1)=[NH2+])=O)C 26728763,,aldh1,0,1,0.6
NC(c(c1SC2=O)cccc1)=C2[N+]([O-])=O 24817103,,aldh1,0,1,0.63
Cc1ccc(NS(c2ccc(NC(c3sccc3)=O)cc2)(=O)=O)cc1 17414693,,aldh1,0,0,0.16
COC(c1c(c2n(C(c3ccc(Cl)cc3)=O)c1)cccc2)=O 26663894,,aldh1,0,1,0.52
O=C(n1nc(c2sc(c3ccccc3)nc2)cc1)c4ccccc4 14733042,,aldh1,0,0,0.23
CCC(C(NCCc1ccc(F)cc1)=O)CC 14732277,,aldh1,0,0,0.49
FC(C(Nc1ccc(C(Nc2c(Cl)ccc(C(F)(F)F)c2)=O)cc1)=O)(F)F 17510436,,aldh1,0,0,0.41
CC(c1cc(NC(c2c(Cl)sc(Cl)c2)=O)ccc1)=O 17514892,,aldh1,0,0,0.2
Cc1ccc(NC(c2cc(S(C)(=O)=O)ccc2)=O)cc1 24836467,,aldh1,0,0,0.31
CCCS(N1C(SCc2c(c3ccc2)cccc3)=NCC1)(=O)=O 24791115,,aldh1,0,0,0.34
Cc1nc(c2ccccc2)cc(NNC(c3ccccc3)=O)n1 14739319,,aldh1,0,0,0.37
CC(NC(S[C@@](c1ccccc1)(C)N2C(C)=O)=[NH+]2)=O 17408290,,aldh1,0,0,0.14
OCC1(CC[NH+](Cc2sc(N3CCOCC3)nc2)CC1)CCCc4ccccc4 24783684,,aldh1,0,0,0.05
CCOC(Cc1nc(NC(Nc2ccc(F)cc2)=O)sc1)=O 26726612,,aldh1,0,0,0.24
COc1c([C@H](c2n(Cc3ccco3)nnn2)[NH+]4CCN(c5c(C)c(C)ccc5)CC4)cccc1 14721769,,aldh1,0,0,0.02
Cc1c(c2n(c3n1)nc(C)c3Cl)CCC2 24818833,,aldh1,0,0,0.36
Cc1nn(c2ccccc2)c(NC(\C(\C#N)=C\c3ccco3)=O)c1 22407294,,aldh1,0,0,0.23
CC\C(\c1cc(c2cc1)OCCO2)=N/NC(c3cnccc3)=O 24808942,,aldh1,0,0,0.48
CCCCCCNC(C[C@H](C(C)C)NS(c1ccc(NC(C)=O)cc1)(=O)=O)=O 4248596,,aldh1,0,0,0.23
Cn1nc(NC(CSc2[nH]ncn2)=O)nn1 851328,,aldh1,0,0,0.39
Cc1nc(NC(Nc2c(c3ccccc3)cccc2)=[NH2+])nc(C)c1 24804350,,aldh1,0,0,0.37
O=C(Nc1ccccc1)COc2c(C(C(C=C(C#N)C(=O)N3C4CCCCC4)=C3)=O)cccc2 17516816,,aldh1,0,0,0.33
CCC(N1CCN(c2ccc(NC(c3cc(c4o3)cccc4)=O)cc2)CC1)=O 14722225,,aldh1,0,0,0.45
Cc1c(C(NN)=O)sc(NS(c2ccccc2)(=O)=O)n1 24790113,,aldh1,0,0,0.39
CN1C(C)=C(NC(\C(\NC(c2ccccc2)=O)=C\c3sccc3)=O)C(=O)N1c4ccccc4 24810869,,aldh1,0,0,0.11
C[NH+](CCCNc1c(Cl)cc(C(F)(F)F)cn1)C 24818448,,aldh1,0,0,0.13
Clc1c(Cl)c(Cl)c(C(Nc2scc(c3ncccc3)n2)=O)nc1 14745536,,aldh1,0,0,0.23
CN(c1sc(C)nn1)C(Cc2cc(c3cc2)OCO3)=O 852328,,aldh1,0,0,0.27
O[C@H](COc1ccccc1)C[NH2+]CCC(c2ccccc2)c3ccccc3 24825061,,aldh1,0,0,0.09
Cc1c2c(c(c3cc2)cccc3)oc1C(NN4CCOCC4)=O 24828300,,aldh1,0,1,0.6
O=C(NC1CCCCC1)C[C@H]2CS(=O)(=O)CC2 4248665,,aldh1,0,0,0.31
COCC(N1C[C@@]2(C[N@@H+](Cc3ccc(C#N)cc3)CC2)CCC1)=O 4239783,,aldh1,0,0,0.03
C[C@H]1N(c2cc(C)ccc2)CCN(C(C3CCN(S(c4c(c5ccc4)nsn5)(=O)=O)CC3)=O)C1 4250272,,aldh1,0,0,0.23
O=C(NNC(c1ncccc1)=O)CCc2ccccc2 24809089,,aldh1,0,0,0.46
CSc1c(C#N)c(SCC(CC(OC(C)C)=O)=O)nc(N)n1 856629,,aldh1,0,0,0.42
COc1c(c2nnc(SCc3ccccc3)cc2)cccc1 24816421,,aldh1,0,0,0.31
OC1CC[NH+](Cc2c(c3cc(c4o3)cccc4)nn(Cc5ccccc5)c2)CC1 24781516,,aldh1,0,0,0.02
Cn1c(CC(N\N=C\C(\Cl)=C\c2ccccc2)=O)ccc1 17503803,,aldh1,0,0,0.31
CC(Nc1nc(Oc2ccc(\C=N\O)cc2)nc(NC(C)C)n1)C 4245850,,aldh1,0,1,0.76
CCOc1c([C@H]2c(c3OC([NH3+])=C2C#N)ccc(N)c3)cccc1 14731158,,aldh1,0,0,0.14
CSCC[C@@H]1[C@@H]2[C@@H](C(=O)N(C3CCCC3)C2=O)[C@@]4(c(c5NC4=O)cc(Cl)cc5)[NH2+]1 865146,,aldh1,0,0,0.03
CCSC(N(C(C(Oc1ccc(Cl)cc1)(C)C)=O)CC2)=[NH+]2 24816644,,aldh1,0,0,0.2157136292268219
C[C@H]1CN(C(Nc2ccc(S(N3CCCCC3)(=O)=O)cc2)=S)CCC1 26731304,,aldh1,0,0,0.44
C\C(\c1cc(c2o1)cccc2)=N/NC(c3ccc(O)cc3)=O 24837074,,aldh1,0,0,0.4
Cn1c(c2ccco2)nnc1SCc3cc(C(F)(F)F)ccc3 860973,,aldh1,0,0,0.22
CCO[C@H]1c(c2N(C(N)=O)c(c3C1)cccc3)cccc2 14730974,,aldh1,0,1,0.59
COC(c1c(C(c2c(Cc3ccccc3)cccc2)=O)c(C)[nH]c1C)=O 11114067,,aldh1,0,0,0.19
CC(CCNC(CCN1C(=O)CCC(c2ccc(C)cc2)=N1)=O)C 17511171,,aldh1,0,0,0.22
CC(CCNC([C@H](c1ccncc1)N(c2c(F)cccc2)C(Cn3nc(c4ccc(F)cc4)nn3)=O)=O)C 24820570,,aldh1,0,0,0.48
CC(C(N1C=C2)=NC(N3CCC(C(N)=O)CC3)=C(\C=C(\S(c4ccc(Cl)cc4)(=O)=O)/C#N)C1=O)=C2 14742644,,aldh1,0,0,0.18
C[NH+](CCCN(c1sc(c2n1)cccc2F)C(c3ccco3)=O)C 24816339,,aldh1,0,0,0.03
COc1ccc(CNC(CCCN2C(SCC#N)=Nc(c3C2=O)cc(c4c3)OCO4)=O)cc1 17401997,,aldh1,0,0,0.16
Cn1c(c2c(CC(Nc3c(F)cccc3)=O)c1C([O-])=O)cccc2 4246033,,aldh1,0,0,0.07
CCn1c(c2ccccc2)nnc1SCC(Nc3sccn3)=O 4259330,,aldh1,0,0,0.1
Cc1cc(CSc2nnc(c3ccco3)o2)ccc1 24820335,,aldh1,0,0,0.25
[O-][N+](c1c(N\N=C(\[C@@H]([C@H]23)C=CC2)/C3)cccc1)=O 24828856,,aldh1,0,0,0.36
[O-]C(c1ccc(C[NH2+]Cc2ccc(Cl)cc2)cc1)=O 22400537,,aldh1,0,0,0.13
Fc1c(C(NCc2ccco2)=O)c(Cl)ccc1 22404070,,aldh1,0,0,0.41
Cc1cc(c2cc1)c(C)nc(Nc3nc(C(F)(F)F)cc(C)n3)n2 844190,,aldh1,0,0,0.45
Cc1ccc(C(CSc2nnc(c3c(c4[nH]c3)cccc4)o2)=O)cc1 17408363,,aldh1,0,0,0.21
COc1ccc(NC(Cn2nc(c3c(NC(c4ccco4)=O)cccc3)nn2)=O)cc1 851167,,aldh1,0,0,0.47
CCN(S(c1cc(NC(C[NH+](C)C)=O)c(OC)cc1)(=O)=O)c2ccccc2 24791353,,aldh1,0,0,0.05
O=C(c1noc(c2sccc2)c1)NCCCn3cncc3 4240859,,aldh1,0,0,0.24
COc1c(OC)cc(CC(NC(CC(C)=O)(C)C)=O)cc1 14742365,,aldh1,0,1,0.65
COC(\C(\[C@@H](NC(OCC=C)=O)CC(C)C)=C(/[NH2+]Cc1ccccc1)\C)=O 50110587,,aldh1,0,0,0.11
C[C@H]1C[NH+](CCCNC([C@@H]2N(C3CCCC3)C(=O)CC2)=O)C[C@H](C)C1 4246174,,aldh1,0,0,0.0
CC(N1CCN(c2c(NC(c3c(Cl)ccc(Br)c3)=O)cccc2)CC1)=O 4262420,,aldh1,0,0,0.14
COc1cc(C(N(c2c(OC)cccc2)CN3C(=O)CCC3)=O)ccc1 4243716,,aldh1,0,0,0.31
Cc1c(C)cc(c2c1)n(CCCNC(Nc3ccc(F)cc3)=O)c(C)n2 14734190,,aldh1,0,0,0.44
O=C([C@H]1N(C(c2ccco2)=O)Cc(c3C1)cccc3)Nc4ccccc4 16953678,,aldh1,0,0,0.25
CCNC(NC1C[C@@H]([NH+](Cc2ccccc2)[C@H]3C1)CC3)=S 17407921,,aldh1,0,0,0.09
CSC(NC1=C([C@@H](c2ccc(Cl)cc2)CC(=O)N1)C3=O)=N3 24817050,,aldh1,0,0,0.22
CC1([NH2+]C(C)(C)CC(OC(c2ccccc2)=O)C1)C 14737836,,aldh1,0,0,0.13
CCOc1ccc(C(NCC2(c3ccccc3)CCOCC2)=O)cc1 24795921,,aldh1,0,1,0.67
Cc1cc(C(CSC(Nc(c2C3=O)cccc2)=N3)=O)c(C)cc1 24801924,,aldh1,0,0,0.28
Cc1c([N+]([O-])=O)cc(C(NCCCn2cncc2)=O)cc1 17403615,,aldh1,0,0,0.24
[O-]C(CCCN(S(c1ccc(F)cc1)(=O)=O)Cc2cc(Br)ccc2)=O 24780466,,aldh1,0,0,0.01
O=C(NC1CCCC1)COC(C(COc(c23)cccc2)=C3)=O 17408657,,aldh1,0,0,0.36
Cc1cc(n2c(Cc3ccccc3)nnc2[S-])ccc1 24798308,,aldh1,0,0,0.22
Cc1nc([O-])c([N+]([O-])=O)c(OC(c2cc(c3cc2)cccc3)=O)c1 24816796,,aldh1,0,0,0.1
COc1c(OC)c([C@H]2n(c3NC(C)=C2C(Nc4c(C)cc(C)cc4)=O)ncn3)ccc1 864928,,aldh1,0,1,0.65
[O-]C(\C=C\c1ccc(OCc2cc(F)ccc2)cc1)=O 24803699,,aldh1,0,0,0.02
CCOC(C([C@@H](c1cc(F)cc(F)c1)n(c2N3)nc(SCC(OC)=O)n2)=C3C)=O 865743,,aldh1,0,0,0.41
CCC[C@H](c1n(Cc2ccc(OC)cc2)nnn1)[NH+]3CCC(C(N)=O)CC3 852604,,aldh1,0,0,0.14
CN(C([C@@H](NC([C@H](Cc1ccc(O)cc1)[NH3+])=O)CC[S@@](C)=O)=O)CC(N[C@@H](Cc2ccccc2)CO)=O 26756567,,aldh1,0,0,0.42
CSc1nc(Oc2nnc(OCC=C)cc2)cc(C)n1 14726845,,aldh1,0,0,0.36
CCCOc1c(C(N=C(C(=N2)C3=O)NN2)=N3)cccc1 26747143,,aldh1,0,1,0.69
O=C(NC1CCCCC1)Cn2c(c3c(C(c4ccco4)=O)c2)cccc3 24786838,,aldh1,0,0,0.26
COc1ccc(C(N(c2ccccc2)O)=O)cc1 50109956,,aldh1,0,1,0.57
CCc1n(S(c2c(C)cc(C)c(OC)c2)(=O)=O)cc(C)[nH+]1 842338,,aldh1,0,0,0.35
COc1cc(NC(NC(C(=O)N(c2ccccc2)N3C)=C3C)=O)ccc1 14737098,,aldh1,0,0,0.48
COC(CSc1n(C)c(CNC(c2cc(OC)c(OC)cc2)=O)nn1)=O 24815863,,aldh1,0,0,0.18
CC1(C(=O)N(C[C@@H](COc2c(c3ccccc3)cccc2)O)C(=O)N1)C 851818,,aldh1,0,1,0.57
O=C(N\N=C\c1sccc1)C[NH+]2CCCCCC2 14731126,,aldh1,0,0,0.11
Cc1c(S(N2CCCCC2)(=O)=O)cc(NC(CN3C(=O)[C@@H](Cc4c(c5[nH]c4)cccc5)NC3=O)=O)cc1 22411470,,aldh1,0,0,0.37
Cc1c(c2ccc1)nc(Cl)c(\C=N\NC(C[NH+]3CCOCC3)=O)c2 17412431,,aldh1,0,0,0.05
C(c1[nH]c(c2n1)cccc2)Sc3ccccc3 17409365,,aldh1,0,0,0.35
